Task ID,Epic,Type,Title,Description,Priority,Estimated Hours,Story Points,Assignee,Status,Dependencies,Acceptance Criteria Count,Files to Create/Modify
TASK-101,Epic 1,Backend/Database,Design Priority System Data Model,Define and document the data model for task priorities,High,3,5,Backend Developer,Not Started,None,8,"shared/types/priority.ts (NEW), drizzle/migrations/add-task-priority.sql (NEW), shared/const.ts (MODIFY)"
TASK-102,Epic 1,Frontend/UI,Create Priority Badge Component,Create a reusable PriorityBadge component that displays priority with color icon and label,High,2,3,Frontend Developer,Not Started,TASK-101,8,"client/src/components/PriorityBadge.tsx (NEW), client/src/components/__tests__/PriorityBadge.test.tsx (NEW)"
TASK-103,Epic 1,Frontend/UI,Update Task Card Component with Priority Display,Update existing task card component to display priority badge prominently,High,3,5,Frontend Developer,Not Started,"TASK-102",7,"client/src/components/TaskCard.tsx (MODIFY), client/src/components/__tests__/TaskCard.test.tsx (MODIFY)"
TASK-104,Epic 1,Frontend/UI,Implement Priority Filtering UI,Create filter UI for filtering tasks by priority level,High,4,8,Frontend Developer,Not Started,"TASK-102, TASK-103",10,"client/src/components/PriorityFilterModal.tsx (NEW), client/src/pages/Tasks.tsx (MODIFY), client/src/hooks/useTaskFilter.ts (NEW)"
TASK-105,Epic 1,Frontend/Logic,Implement Priority Sorting,Add sorting functionality by priority level,Medium,2,3,Frontend Developer,Not Started,TASK-104,8,"client/src/components/SortDropdown.tsx (NEW), client/src/pages/Tasks.tsx (MODIFY), client/src/hooks/useTaskSort.ts (NEW)"
TASK-106,Epic 1,Frontend/UI,Update Task Creation Form with Priority,Add priority selection to task creation dialog,High,3,5,Frontend Developer,Not Started,TASK-102,8,"client/src/pages/Tasks.tsx (MODIFY), client/src/components/CreateTaskDialog.tsx (MODIFY)"
TASK-201,Epic 2,Backend/Database,Create Operator Data Model,Define operator/team member data model and database schema,High,2,3,Backend Developer,Not Started,None,6,"drizzle/migrations/add-operators-table.sql (NEW), shared/types/operator.ts (NEW), scripts/seed-operators.ts (NEW)"
TASK-202,Epic 2,Frontend/UI,Create Operator Avatar Component,Create reusable OperatorAvatar component for displaying operator profile,Medium,2,3,Frontend Developer,Not Started,TASK-201,7,"client/src/components/OperatorAvatar.tsx (NEW), client/src/components/__tests__/OperatorAvatar.test.tsx (NEW)"
TASK-203,Epic 2,Frontend/UI,Create Operator Assignment Dropdown,Create dropdown component for assigning tasks to operators,High,4,8,Frontend Developer,Not Started,TASK-202,9,"client/src/components/OperatorSelect.tsx (NEW), client/src/components/__tests__/OperatorSelect.test.tsx (NEW)"
TASK-204,Epic 2,Frontend/UI,Update Task Card with Assignee Display,Update task card to display and allow changing assignee,High,3,5,Frontend Developer,Not Started,"TASK-202, TASK-203",7,"client/src/components/TaskCard.tsx (MODIFY)"
TASK-205,Epic 2,Frontend/UI,Implement Operator Workload Display,Display operator workload metrics in assignment dropdown and operator list,Medium,3,5,Frontend Developer,Not Started,"TASK-201, TASK-203",7,"client/src/components/OperatorWorkload.tsx (NEW), client/src/hooks/useOperatorWorkload.ts (NEW)"
TASK-206,Epic 2,Frontend/UI,Add Assignment to Task Creation Form,Add operator assignment field to task creation form,High,2,3,Frontend Developer,Not Started,"TASK-203, TASK-106",6,"client/src/pages/Tasks.tsx (MODIFY), client/src/components/CreateTaskDialog.tsx (MODIFY)"
TASK-301,Epic 3,Backend/API,Create Backend API Endpoints for Tasks,Create REST API endpoints for task management with priority and assignment,High,4,8,Backend Developer,Not Started,"TASK-101, TASK-201",10,"server/routes/tasks.ts (NEW), server/controllers/taskController.ts (NEW), server/services/taskService.ts (NEW)"
TASK-302,Epic 3,Backend/API,Create Backend API Endpoints for Operators,Create REST API endpoints for operator management,High,2,3,Backend Developer,Not Started,TASK-201,7,"server/routes/operators.ts (NEW), server/controllers/operatorController.ts (NEW)"
TASK-303,Epic 3,Frontend/Integration,Connect Frontend to Backend API,Replace mock data with real API calls in Tasks page,High,3,5,Frontend Developer,Not Started,"TASK-301, TASK-302",8,"client/src/pages/Tasks.tsx (MODIFY), client/src/lib/api.ts (MODIFY), client/src/hooks/useTasks.ts (NEW)"
TASK-304,Epic 3,Backend/Data,Implement Mock Data for Development,Create seed/mock data for development and testing,Medium,2,3,Backend Developer,Not Started,"TASK-301, TASK-302",6,"scripts/seed-tasks.ts (NEW), scripts/seed-assignments.ts (NEW)"
TASK-401,QA/Testing,Frontend/Testing,Unit Tests for Components,Write unit tests for all new components,High,3,5,Frontend Developer,Not Started,All Frontend Tasks,5,"Multiple test files"
TASK-402,QA/Testing,Backend/Testing,Integration Tests for API,Write integration tests for API endpoints,High,2,3,Backend Developer,Not Started,"TASK-301, TASK-302",6,"Multiple test files"
TASK-403,QA/Testing,QA/Testing,Manual Testing & QA,Manual testing of all Phase 1 features,High,2,3,QA Engineer,Not Started,All Tasks,8,"Test report document"
